{
  "source": "http://www.geonames.org/PE/administrative-division-peru.html",
  "country": "Peru",
  "subdivisions": {
    "AMA": "Amazonas",
    "ANC": "Ancash",
    "APU": "Apurimac",
    "ARE": "Arequipa",
    "AYA": "Ayacucho",
    "CAJ": "Cajamarca",
    "CAL": "Callao",
    "CUS": "Cusco",
    "HUC": "Huanuco",
    "HUV": "Huancavelica",
    "ICA": "Ica",
    "JUN": "Junin",
    "LAL": "La Libertad",
    "LAM": "Lambayeque",
    "LIM": "Lima",
    "LMA": "Municipalidad Metropolitana de Lima",
    "LOR": "Loreto",
    "MDD": "Madre de Dios",
    "MOQ": "Moquegua",
    "PAS": "Pasco",
    "PIU": "Piura",
    "PUN": "Puno",
    "SAM": "San Martin",
    "TAC": "Tacna",
    "TUM": "Tumbes",
    "UCA": "Ucayali"
  }
}
